,latitude,longitude,name
57898,34.18543,-118.58937,"Lux Apartment
Couches in Livingroom"
167986,30.31997,-97.73098,N.Lamar: Economic Spot in Amazing Community
166832,30.3039,-97.70975,Comfy private hideaway near everything
52416,34.10421,-118.33473,Hollywood Walk of Fame
58150,34.00439,-117.97176,Âπ∏ËøêÂ∞èÁ≠ë
37920,33.98152,-118.43516,Shared space in Marina del rey
9684,38.95734,-77.01046,Modern Southwestern Twin in upscale Boho Community
2686,37.76942,-122.44991,Red Victorian - Jupiter Bunk shared room Hula Hoop
45488,34.05225519478852,-118.27939873805012,$20 Per Guest/ DTLA Shared/ Easy Commute
169033,30.24778,-97.7831,ACL ZILKER NEIGHBORHOOD!  1 B/B APARTMENT
51327,34.1027,-118.3326,Charming Hollywood Studio
86752,40.76458,-73.98997,Shared Room Next To central park
48087,34.00996,-118.2438,Cozy rooms
157198,41.93775,-87.77815,Comfy house in the northwest.
24020,29.9413703667602,-90.0735467704511,Stylish Design Hostel - 1 Bed Female Only Dorm 6B
111760,37.38652,-122.02595,HackerHome - Sunnyvale Caltrain
45625,34.00624,-118.33926,NYC vibe in the heart of Los Angeles ~Monthly spot
14526,37.80345,-122.29667,Room 2 Bed 2 @ FacesOasis
47559,34.0102,-118.24363,New Best Beals in LA . limited place!!!
73815,40.85029,-73.93645,Spacious Room near CUMC Campus
101181,40.75999,-73.99236,Cozy Shared Room-Students Welcome-Times Square-NYC
10173,38.90135,-77.00057,Double Bedroom (Southwest Waterfront)1
104643,40.7536666,-73.89373979999999,Cama Superior en Habitaci√≥n Compartida Femenina
49025,34.04516,-118.32665,MY STAY LA 201D  Women`s  Dormitory room
98163,40.81001,-73.9301,Mott Haven Dorm C
34487,34.04577,-118.31226,Monthly Dorms at Gramercy Place!
78799,40.72365,-73.94497,Middle Bunk in Brooklyn Bunkroom for Men
104204,40.80366,-73.96511,Bed and shower in Manhattan
229737,37.6584,-122.41742,SHARED Double Bedroom in a quiet home
14595,37.81051,-122.29638,P2 Room 3 Bed 2
46482,34.01153,-118.23619,#6 USC/Expo Park Shared Room Bottom Bunk
84603,40.63451,-74.02786,"Female only Bright&Spacious Shared Room, Brooklyn"
86068,40.68187,-73.94485,Well-Designed Male Shared Room| Ensuite bathroom
60125,33.86193,-118.35023,Kanmore Guest House
167991,30.31827,-97.72936,N.Lamar: Spot in 2 Person Room - Great Community
166428,30.32125,-97.72432,Guadalupe: Shared Room Professional Community
85468,40.68074,-73.94437,Amazing Twin-size Bed Shared Room| GYM
2897,37.76942,-122.44991,"Red Victorian - Dusk Bottom Bunk, Hole in the Wall"
229925,37.66992,-122.43871,a4.6 Find Your New Home
55780,34.0448,-118.45509,1 BED in shared room - West LA/UCLA
10158,38.90085,-77.00094,Double Bedroom (Ivy City) 1
72028,40.8534,-73.82815,Charming studio apartment
105164,40.69099,-73.79855,Contemporary Two bedroom shared
30621,34.05356639270064,-118.2809465211166,$20 DTLA Shared Living
69549,40.80068,-73.95154,HOME AWAY FROM HOME
14528,37.80486,-122.29493,Room 2 Bed 4 at FacesOasis
155491,39.674,-104.87516,Denver's Bunkbed Microhostel
82619,40.70247,-73.92837,MONTHLY RENTAL * CENTRAL BUSHWICK LOCATION! #1
91721,40.73894,-73.86337,‚ô°1 Bed in a Living Room/Queens(Only Ladies)
176187,30.414373199742226,-97.7635354571472,5 Star Rated Bedroom and Private Bath
59438,34.15084,-118.41896,"GUEST house, Private."
223314,36.10784,-115.16763,MGM signature suite with balcony and hot tub
229947,37.6704,-122.4375,a4.3 Between SF and Silicon Valley
84469,40.64624,-73.95409,"Sunny, spacious  Brooklyn apt - solo woman only"
9642,38.9577,-77.01246,Very Comfy & Cute Luxe Twin Bed in Shared Room 1
156118,39.75336,-104.99097,Great Bed in Shared Room Close to Union Station!
133690,32.75386,-117.24573,‚ù§Ô∏è OB block and 1/2 to Dog beach All are welcome üè≥Ô∏è‚Äçüåà
59298,34.08813,-118.30917,shared room in Hollywood!
111615,37.38663,-122.02461,HackerHome - Sunnyvale Plug & Play4
3325,37.77085,-122.44324,Red Victorian - Comet Bunk in shared Friends Room
218028,36.11331,-115.19945,Palms Charming Penthouse above the clouds w hottub
100985,40.748645,-73.8642121,New York Cozy bed near 7 train & US open
85355,40.68182,-73.94473,Male Shared Room - Gym |Rooftop|En-suite Bathroom
47091,34.02854,-118.27253,Subleasing apartment near USC
156456,41.9582,-87.73148,Screened living room  with  sofa bed /Blue Line /
67920,40.78648,-73.97252,BEAUTIFUL UPPER WEST SIDE SANCTUARY
166730,30.32197,-97.72521,Guadalupe: Economic Spot in Great Community
107313,40.7542400581924,-73.89303884327443,"Cama superior en Queens, JH"
64435,33.9565585,-118.41636,Great Shared motorhome
169470,30.26745,-97.74005,Firehouse Hostel - Female Dorm
183386,47.59868,-122.32648,Shared Space Main Temple Hondo 2nd
97859,40.73235,-73.8855,"Marvelous  Queen Size & Twin Bed in Elmhurst, NY"
69900,40.7962,-73.96334,Perfectly Located UpperWest Futon
2733,37.78362,-122.38891,SF Studio Gem
169056,30.28406,-97.74768,West Campus~Cute small Minimalist~Efficient Deal!!
63682,34.0202,-118.31582,"Cheap Stay in Mid-City, L.A. **FREE BREAKFAST**"
38437,34.15061,-118.37049,"Couch ,WiFi, parking Studio City!!!!!"
112682,37.33475,-121.97049,Bedroom 3
94639,40.69043,-73.90985,Classy Female Shared rental in Bushwick | Brookyln
8898,38.87861,-76.98941,Awaken the Dawn Bunks&Breakfast (Capitol Hill) 2-5
98282,40.74607,-73.99109,Shared APT curtained room C Midtown
53004,34.01146,-118.24508,Housing in downtown Los Angeles
167527,30.26155,-97.68564,Chill living room space
80491,40.76922,-73.95263,New York Oasis - ENTIRE PLACE
52963,33.82966,-118.30721,Modern Master BoHo LED designer Lofts near LAX/LGB
60562,34.02194,-118.31582,Affordable $45/day *Shared Room*
51698,34.05406,-118.19419,Lucky room
112018,37.29905,-121.97117,Xtra
13856,37.81448,-122.24775,"Budget ""B"" Near Lake 1-7 Nights"
77987,40.74981,-73.97686,Twin Bed in Sharing of Room near Grand Central
48992,34.04662,-118.29344,Bed in Cozy Shared Room in Koreatown
54211,34.0448,-118.45507,1 BED in shared room (B) - UCLA/WEST LA!
70538,40.73222,-73.9898,SPACE IN APT IN PERFECT LOCATION
8919,38.8777,-76.9892,Capitol Hill #8-1 Intern & Student Housing B&B
52955,34.01089,-118.23437,#15 USC/Expo Park Shared Room Top Bunk
195593,26.01913,-80.21953,A3.1Shared room in quiet hostel
158780,41.90917,-87.67206,Entire 2-flat Sleeps 8 WickerPk Aug 3-7 Sale $139
33219,33.93641,-118.23258,Creative Co-Living Room 3 Bed 2
70569,40.69448,-73.93107,Sun-filled living room with futon!
39159,34.16668,-118.37085,Large living room space with an air bed in NoHo
60794,34.07666,-117.99199,Comfortable Living Baldwin Park
67455,40.76691,-73.98361,Central Park View From High Floor
168031,30.32035,-97.73076,N.Lamar: Economic Spot in Great Communtiy
160970,41.76057,-87.58694,W/Breakfast! By Metra & Jackson Park Hospital
15888,37.84706,-122.27845,Shared Room in Berkeley!
198709,26.05302,-80.14757,D1.1)üëçShared roomüç±‚úàÔ∏èüå¥ Products.Beach.Airport
101413,40.71705,-73.95602,Bunk Up in Style: Affordable Guest House
49008,34.04846,-118.318,LA Human Story (Ìú¥Î®º Ïä§ÌÜ†Î¶¨) ÎÇ®ÏûêÎ∞© DORMITORY-09
182168,45.52414,-122.66274,KEX Portland-Bunk in a Small Bunk Room-Mixed
14043,37.78525,-122.22686,Bed #6: Casa Hacker Hostel
71941,40.76714,-73.94497,Roosevelt Island-great location
41474,33.79291,-118.22217,Long Beach Quaint & Cozy Paradise
59165,33.9870051,-117.893287,$28 per bed (bunk room)Â§ßÂÆ∂Â∫≠ÊàøÈó¥ Big family suite
194334,26.01963,-80.22129,AB3)Shared room/quality recovery
17888,30.01952,-90.07958,Cozy Bayou Room
80506,40.76661,-73.91456,Quiet and fun area! 20 min to NYC. Clean and Cozy!
11380,38.91354,-77.02165,"‚òÖ‚ù£‚ù£‚ù£‚òÖ Elegant Private Room, Self Check in / out !"
26239,33.93704,-118.23403,Creative Co-Living Room 2 Bed 3
153705,39.77847,-104.78066,Basement  rooms  for rent
204396,25.99148,-80.19743,‚òØEnjoy Nice Bed in Fun Shared Room‚òØ
169069,30.30458,-97.72584,N.Lamar: Economic Spot 2
113645,37.35673,-121.98572,HackerHome - Santa Clara: shared room
29614,33.92563,-118.40873,Cozy Bedroom with king bed and Laundry in a House
166441,30.35648,-97.75512,Fun Futons w/separate Private Bath & Padlock Entry
75491,40.74839,-73.86328,HP US open & Citi-field  LGA airport Special!
69383,40.83401,-73.9168,"Couch in the Bronx, near Yankee Stadium"
75090,40.72646,-73.98971,East Village Cozy Single Bed - Female Only
90793,40.6943,-73.93461,Affordable Female Twin-size Bed Room | Coliving
8781,38.90653,-77.03347,In the heart of DC;  Professional Owner
53510,34.16268,-118.49948,LA Artist House - Dorm-Style! 1
167156,30.31844,-97.73097,N.Lamar: Two People - Shared Room
120643,44.9707059,-122.9890594,Home town studios shared room
41174,34.06639,-118.34394,Best location for any traveler
48728,34.1183,-118.0511,Ê∏©È¶®ËàíÈÄÇÊñπ‰æø
136945,32.65202,-116.977,Cozy condo in quiet neighborhood
88445,40.68187,-73.94411,Male Shared Triple Room in Serviced Coliving| Gym
86574,40.70016,-73.92849,Cozy room in an artsy/fun building in Bushwick
55208,34.06214,-118.12903,garden clean studio room twin bed
48176,34.0147,-118.23841,#C9 Downtown LA Shared Room Top Bunk
181166,45.52267456054688,-122.64909362792967,One Bed in a Shared 4 Bed Male Dormitory
204940,25.98418,-80.15235,Shared Room next to the beach
51354,33.91053,-118.31643,The Stay Of Your Life
49100,34.05724,-118.399,Sofa to sleep on near Beverly Hills
3273,37.7708,-122.44369,Red Victorian- Eden Hostel single bed shared room
71980,40.60005,-73.95589,Cozy with Great location !!
75647,40.81713,-73.95278,Urban Rustic Retreat - Shared Space
82813,40.68727,-73.90879,Duplex in Brooklyn
88719,40.68806,-73.99662,"Quite, at last! Quiet guest deserve a quite place!"
222058,36.14851,-115.12435,Vegas House of Cards - Grab a Bed!
179127,45.49924,-122.57169,Ladies Dorm Room: Bottom Bunk!
88873,40.76596,-73.90987,The Family place Where Everyone Feel At Home
63418,34.09419,-118.3633,COMFY HOME 1 bd/ 1 bath in WEHO. Unbeatable VALUE!
198708,26.05074,-80.1477,D1.1)üòéShared room.üëçHostel‚úàÔ∏èAirportüå¥beach 15 minutes
166772,30.32197,-97.72521,Guadalupe: Shared Room in Awesome Community
51553,34.10366,-118.33823,Bright and Spacious Studio Share
63125,33.90444,-118.33241,A smile in my face you feel like home warm drinks
71396,40.72178,-74.00244,SoHo 2 Bedroom 2 Full Bath with Private Terrace
96798,40.73835,-73.92219,Male dorm style single bed separated by curtain
66377,34.12201188116322,-118.254868413797,Zen HW Shared Bunk Room
66396,34.05924934744783,-118.38679520683928,Zen Home in Bunk Bed Room
41661,34.19431,-118.39086,Shared room in LA
35877,34.10311,-118.33147,Awesome spot in Hollywood
129289,32.79562,-117.24889,PACIFIC BEACH_3 blocks from  beach_SHARED BEDROOM
183382,47.59993,-122.32808,Shared Space Main Temple Hondo
157850,41.72808,-87.57732,A. MANSION SHARED COED ROOM (NOT PRIVATE) LOW BUNK
132496,32.71182,-117.15717,1 bed female dorm in fun hip hostel
222042,36.10985,-115.27163,Makeup hair room to prep for your event
27189,34.04278,-118.2596,Couch in living room
110838,37.31735842619073,-121.99225439978916,ÂÆ¢ÂéÖÁöÑ‰∏ÄÂº†Áî®Room DividersÈöîÂºÄÁöÑTwin SizeÂ∞èÂ∫ä( I )
229884,37.66775,-122.43732,a1.2 Near Trains Bright Place
65455,33.88401,-118.2499,"Cozy California Home ~ NEAR i405,  DTLA, SHOPPING"
100459,40.80234,-73.96451,Bed and shower in Manhattan
199082,26.2969776,-80.2014325,1 bedroom two beds
158833,41.76646,-87.63252,TBCC -The BIG COMFY COUCH
53868,34.06791,-118.45166,HUGE BALCONY UCLA WESTWOOD
46760,34.0391,-118.29904,Shared room in students housing
106776,40.68955170501125,-73.91665256774048,Street Art 2br in Bushwick
132539,32.7124,-117.15971,"Gaslamp Quarter - Clean, quiet, affordable dorm"
7126,38.8923,-76.91462,Comfortably Couch
162365,41.7753629,-87.7500599,Charming Private Room #2 in Chrysler Chicago
8067,38.90149,-77.00386,7 min drive to Inauguration- Charming DC Apt.
91878,40.69644,-73.92897,Modern bedroom in Bushwick (3)
74589,40.64649,-73.96475,Large Comfy Couch in Brooklyn
78514,40.73031,-73.99986,great location for low price
36526,34.10195,-118.32474,Shared RooM!
106114,40.74749,-73.86087,"Traveler Friendly, Hot Queens NYC, Male Only DOWN"
57983,33.96234,-118.29197,Family oriented Sheared space #2
105294,40.63441,-73.9455,Livin Lyk Jesus
44758,34.1004,-118.34206,NEW hollywood artist Share
66375,34.43524,-118.54227,Big comfy couch #1 Queen sofa bed
89644,40.75476,-73.93886,temporarily closed
60984,34.120823493172296,-118.25516059290295,Zen HW Shared Bunk Room
222652,36.14813,-115.11935,Grab a Bed @ The House of Cards
73376,40.60509,-73.9691,Vernazza Rm.  Superfast Wi-Fi
180318,45.52634,-122.68856,Stay in a Dorm Bed (Female) @ NW Portland Hostel
89546,40.69501,-73.94388,NYC Airbnb 4.
14042,37.78525,-122.22686,Bunk Bed in Casa Hacker Hostel
80322,40.80959,-73.94377,Summer Luxury in Harlem !!!
37473,34.0333,-118.43397,Double room (2 people) in a co-living in Westwood
57069,33.955897684043904,-118.4170405518852,Shared motorhome on Lincoln blvd
167780,30.22618,-97.82777,MrAtxPlace
48177,34.01367,-118.23872,#B7 Downtown LA Shared Room Top Bunk
87788,40.76929,-73.92067,"Cozy apartment in the Center
Of Astoria"
18438,29.98108,-90.07373,5 Blocks from Jazzfest w/ Bikes
163542,41.83461447898152,-87.68331851647712,Want to stay longer in private room 2
114386,37.39242,-121.84167,NX2 space divided by curtains with privacy
9956,38.91528,-77.04768,Generator DC -  Bed in 4-Bed Female Dorm
86468,40.84971,-73.93267,"Shared room Manhattan w/ breakfast, 1 block metro"
180169,45.52347,-122.54491,Art Food and Wine.
109469,40.806482440185256,-73.92673279315997,"Safe, clean, quiet room MEN ONLY"
22743,29.95576,-90.13216,Gentleman Quarters
95767,40.8039,-73.96611,Shared room by columbia university
48431,34.04971,-118.45909,Shared room in 2bdr apt!
7765,38.9322,-77.0797,Roomate Listing!
117450,35.57893,-82.59564,Mixed Dorm Lower Bunk #1
198677,26.02784,-80.15558,Cozy Modern Studio!
36167,34.04503,-118.34021,Dorm Style in Beautiful Gated Community
31003,33.97685,-118.45694,Joy‚Äôs Space
63636,34.0871741,-118.3086601,Shared room wester lux
8177,38.9153,-77.01368,Open style shared 3 walls and divider for 2
25259,34.048,-118.26159,Film and Music Shared Dorms. Co-Living
72279,40.66749,-73.95618,Cozy Sofa Bed for Nightly Stays
84418,40.71403,-73.8184,Marie's Cottage
157708,41.7298,-87.57804,B. MANSION SHARED COED ROOM (NOT PRIVATE) TOP BUNK
94707,40.73859,-73.86263,"Shared Room, Sofa Cama para mujeres en Queens"
158214,41.76678,-87.63288,A Slice of Heaven in the Windy City
115475,37.32744,-121.88733,1 Private ROOM | VERY CHEAP
108242,40.65117,-74.01133,Sunset Park Bunkroom 4 (Ladies Only)
222802,36.1355,-115.11197,Las Vegas. Simple bed. Discount
37927,34.24012,-118.53931,warm-hearted landlord!
198025,26.01876,-80.21999,AC2) Stylish host/shared room
80494,40.78071,-73.97944,"Charming Neighborhood, Charming Studio"
51440,34.04592,-118.33802,JUNIORS PLACE
100218,40.68865,-73.91863,!HOT DEAL! All inclusive Female  Shared Rental Apt
63721,34.0203,-118.31592,Hostel in Los Angeles - CA (shared rooms)
221408,36.04773,-115.27914,Golf Course Home w/ Friendly Dogs 15min from Strip
111810,37.39013,-122.0276,HackerHome - Sunnyvale Caltrain
157844,42.01653,-87.68778,03b.  Twin in Coed Space - 3 mi to NWU
11381,38.91318,-77.0196,"‚òÖ‚ù£‚ù£‚ù£‚òÖ Modern Private Room, Self Check in / out !"
9640,38.95601,-77.01023,Very Comfy & Cute Luxe Twin Bed in Shared Room 1
2489,37.76942,-122.44991,Red Victorian - Bunk #2 in shared Poster Room
131083,32.83825,-117.08631,COUCH SURFER WANTED
110983,37.29125,-121.91613,Women's B&B for travelers seeking health care
35934,34.25674,-118.56369,Rooms in Northridge Chatsworth Estate Home
13854,37.81454,-122.24691,"Budget ""A"" Near Lake 1-7 Nights"
28197,34.0845,-118.30836,Los Angeles Melrose Hostel
121102,39.90195,-83.05151,"Close to OSU, Ohio stadium, and downtown Columbus."
32154,34.00179,-117.96552,#1C-Shared Room & Bathroom/Free Parking/Disneyland
77075,40.72641,-73.9893,Cozy East Village Room
36007,33.90309,-118.30948,\\\Amazing room in Melrose and Hollywood\\\
167992,30.31987,-97.72916,N.Lamar: Spot in Super Great Community
2807,37.74882,-122.48012,share room A
13857,37.81268,-122.24856,"Budget ""D"" Near Lake 1 Night"
49497,34.06971,-118.28646,Shared Master Room in a Luxury Complex
72987,40.76593,-73.99409,Semi-Private Room Next to TimeSqare
177825,30.27225,-97.73113,Cheerful Central Austin Shared Home - Room 2
102250,40.7611438293784,-73.97612083794381,Central Park NYC Luxury View Comfy Couch
95885,40.68955,-73.90836,Hot deal! Low-cost Female Shared Twin Bedroom
63196,34.122434357615255,-118.25530190601212,Zen HW Shared Bunk Room
36050,34.10417,-118.32897,"Clean, bright Hollywood Apartment"
115238,37.39391,-122.01803,#H1 - Private Space by the Screen Divider
85552,40.74923,-73.95086,"Artist creative haven!
Art making only, day rental"
49347,34.04558,-118.42986,$52 shared with 1 serious student. queen size bed
92815,40.80681,-73.95057,Lovely Space near Every Single Hot Spot in NYC!
112254,37.31522753106191,-121.9916538876222,‰Ωç‰∫éÂÆ¢ÂéÖÁî®Ë°£ÊüúÂíåÂ±èÈ£é ÁªÑÊàêÁöÑTwin SizeÂ∫ä‰ΩçÔºàHÔºâ
111774,37.39313,-122.07883,HackerHome - Downtown Mountain View: Castro Street
65053,34.02004,-118.31573,Stay in HISTORIC L.A. MANSION w/ FREE BREAKFAST
112629,37.29905,-121.97117,"Vaccinated, 30% Discount/mo, Unlimited Food, Clean"
190992,44.96265,-93.08416,"Welcome to Poopsville, its a real $*it hole."
41556,33.87043,-118.1868,Comfortable sleeping
60568,33.79034,-118.28708,Apartment near Torrance/Long Beach
57377,34.08997,-118.36011,Private Room in a Charming Home in West Hollywood
15504,37.73643,-122.18495,Â§áMaster BR share by 3(5mins to Oakland airport)
76986,40.80244,-73.96545,A quite full-size bed living room at upper west
9676,38.95732,-77.01066,Artistic Southwestern Twin in Bohemian Community
81720,40.61246,-74.00258,private room
80558,40.78067,-73.95019,The Yorkville Gem
103971,40.79881,-73.96486,Shared room in Manhattan
14527,37.80309,-122.2953,Room 2 Bed 3 at FacesOasis
60829,34.06758,-118.34423,2. Best Location for any traveler
209532,26.0563137,-80.1402633,"~Sofa Bed Stay: Walk to Casino, Park & Groceries~"
55254,34.09461,-118.31294,"Affordable shared rooms in Hollywood, Los Angeles"
75879,40.68089,-73.9629,"Spacious Clinton Hill Apartment- Brooklyn, NY"
160163,41.72866,-87.57651,D. Bed D. Shared coed(NOT PRIVATE)Room Top bunk
73606,40.60706,-73.97339,Bright & Spacious living room
18499,29.94213,-90.07516,Stylish Design Hostel - 1 Bed in FEMALE-ONLY Dorm
117059,37.39578,-121.96188,Engineer's Paradise 10 (Mixed Gender Shared Room)
82353,40.74833,-73.88457,Living room in Queens for rent
200806,26.0188,-80.22063,AC3)Shared room in a luxury hostel
21484,29.95754,-90.12849,Walk 1.4 miles  Ochsner Hospital Main Campus NoFee
104288,40.6256,-74.16079,Conference Room Space for up to 8
55891,34.04611,-118.31389,STUDENT HOUSING---month to month at Gramercy Place
80284,40.70891,-73.92296,The Quintessential Bushwick Loft: The Dream Cove
11382,38.91287,-77.01967,"‚òÖ‚ù£‚ù£‚ù£‚òÖ Peaceful Private Room, Self Check in / out!!"
132542,32.71296,-117.16042,Center of the Gaslamp - female dorm bed in hostel
156335,42.01653,-87.68788,01a. Full bed in Coed Space - 3 mi from NWU
3323,37.77073,-122.4449,Red Victorian - Moon Bunk in shared Friends Room
52405,34.05324,-118.17179,Relaxing cabin style with outdoor deck and porch.
52229,34.04902,-118.20124,Standard of the Lord Hostel/Female Only room (C)
138777,32.68576,-117.03543,Down Right Shabby Chic Rm2 Single bed SD BNB-style
166096,30.31856,-97.73105,N.Lamar: A great deal in a comfortable apartment
118604,35.59685,-82.55437,Pod at Sweet Peas Hostel
206406,26.11702,-80.13697,Made for traveler‚Äôs couch surfer
221575,36.1151,-115.19767,Palms Strip Views with Balcony and Hot Tub
48099,34.1685156,-118.313752,Burbank 1 Oasis Monthly Housing
52101,34.00998,-118.23467,#4 USC/Expo Park Shared Room Bottom Bunk
40359,34.1249,-118.01142,Comfortable bedroom with shared bathroom
108126,40.757349184198894,-73.86325950138408,NY habitaciones compartidas
44645,34.09557,-118.32298,Spot in  a shared room in Hollywood (Afton)
100618,40.6568996,-73.9130071,Beautiful Room in the Heart of Brooklyn 2R2
112348,37.389116857390455,-122.0122923165714,(A1) Silicon Valley Youth Hostel
183809,47.60008,-122.32737,Shared Space Main Temple Hondo 3rd
85112,40.72291,-73.93734,Comfy couch
69468,40.71752,-73.94187,Amazing View in East Williamsburg
138029,32.71121,-117.15088,Stay Classy - Downtown - Double Pod in Dorm
62191,34.05698,-118.3475,Spot in a shared room in Mid City
49475,34.04846,-118.318,LA Human Story (Ìú¥Î®º Ïä§ÌÜ†Î¶¨) ÎÇ®ÏûêÎ∞© DORMITORY-03
154975,39.78082,-104.76055,cozy 1 bedroom
10174,38.90074,-76.99867,Double Bedroom (Southwest Waterfront)2
130656,32.75115,-117.14929,Little space for little people
9665,38.95564,-77.01185,Very Comfy & Cute Luxe Full Bed in Shared Room 2
114438,37.29905,-121.97117,Xtra
155466,39.67204,-104.87611,Denver's Best Microhostel
82764,40.66673,-73.78314,Jfk 6 min away bed in SHARED SPACE
28419,34.06838,-118.46453,Shared room & Apartment
157605,41.72928,-87.57656,X3. Mansion Coed shared Rm (Not private)
24407,34.06771,-118.35225,"Super clean, big and comfortable room in LA center"
156886,41.94488,-87.65022,Snug Sofa in Great Neighborhood
9664,38.95746,-77.01046,Very Comfy & Cute Luxe Twin Bed in Shared Room 2
39327,34.10182,-118.34473,Co-living Community - Shared room (A)
151859,39.75305,-104.9907,Stylish Shared Room in Heart of Downtown Denver
87372,40.62566,-74.01968,Shared living room near train station only males
166556,30.21181,-97.81366,Futon in shared living room
86223,40.76678,-73.72622,Sunny and Chill Qwik Commute To NYC & Long Island
83514,40.73688,-73.92231,"15 Min  Manhattan, Safe, Clean, Quiet, Good Price"
56879,33.98875,-117.90799,ÁΩóÂÖ∞ÈùíÂπ¥ÊóÖËàç
82651,40.64068,-73.97023,A Girls Only Bohemian style living room!
46646,34.04626,-118.32682,MY STAY LA 101A Men`s Dormitory
46074,33.98535,-118.44425,hello shining
114169,37.32276,-121.90509,shared unit...  private room.shared bathroom
33395,34.19350293281333,-118.42840156246513,Private guest house to share -4
41205,34.0293,-118.40531,Couch in a 1 bedroom apartment
202653,26.01949,-80.22104,AC1) Stylish host/shared room
62816,33.95702,-118.4155,Shared living for great price in LA
55287,34.04598,-118.42969,"clean home, room with females!!!"
49015,34.01351,-118.23879,#E19 Downtown LA Shared Room Top Bunk
115221,37.40531,-122.06744,#M5-Comfy Shared Room Near Shopping Center at MV
166355,30.32197,-97.72521,Guadalupe: Economic spot in most amazing community
155473,39.67187,-104.87606,Denver's Best Microhostel
79877,40.72658,-73.74218,JFK;minutes to JFK;$2.50to Manhattan
82661,40.6685,-73.78308,JFK SHARED Space 6 min away From JFK
87331,40.63751,-73.91044,Shared room in canarsie
51455,34.06508,-118.24486,Chinatown Artist Getaway!
159207,41.72849,-87.57666,X1. MANSION SHARED COED ROOM (NOT PRIVATE)
130103,32.7982,-117.25643,California Dreams ‚Äì Bed in Fun Beach Hostel
49196,34.04846,-118.318,LA Human Story Hostel 1 (Female Dorm & Male Dorm)
9569,38.92684,-77.03029,101F Cozy Shared Room in CoHi DC! (Female Only)
194548,26.01803,-80.22064,AB3)Shared room in a cool hostel
51524,34.04846,-118.318,LA Human Story (Ìú¥Î®º Ïä§ÌÜ†Î¶¨) Ïó¨ÏûêÎ∞© DORMITORY-01
50759,34.04595056815942,-118.32663073309892,MysatyLa 202A Women`s Dormitory (Shared space)
31053,33.93621,-118.23199,Creative Co-living Room 4 Bed 1
111678,37.38683,-122.02494,HackerHome - Santa Clara: bunk 1a
48684,34.04617,-118.45385,Private bedroom UCLA/West LA
223263,36.11416,-115.1979,Palms charming penthouse with balcony hot tub
40881,33.953571,-118.276184,Cooperative co-living
14536,37.80305,-122.29461,Annex A Room 3 Bed 2  ( Shared Room)
54016,34.09798,-118.3503,Have a nice relaxing time in Weho.
113216,37.34633,-121.88391,HackerHome - San Jose Dwtn: bunk 2
80105,40.80188,-73.94656,Harlem Retreat Living Room NYC
105859,40.7179,-73.94481,5mins to graham Station/Spacious Chic Private Room
70616,40.8346,-73.94082,"Sunny, Quiet, Open Space Uptown"
109453,40.71174120530599,-73.80668910540227,Shared room with a Bed for Male
217592,36.11414,-115.16422,Spacious penthouse in the heart of the strip
202539,26.27776,-80.2515,"*Leave your bags home, LETS GET DOWN TO BUSINESS!*"
70619,40.70657,-73.93664,A Cosy Couch In East Williamsburg Near Train.
50485,34.04448,-118.42791,S-4 !Shared  home-stay home workers
81358,40.77749,-73.98407,"Cozy bed & new friend @ Upper West Side, NYC."
67765,40.68229,-73.95347,Brooklyn-Bedstuy-Studio
78571,40.72713,-73.98997,Amazing Room in East Village Apartment!
104723,40.81391,-73.95325,Jumbo Bean Bag (Art/House)
49729,33.9954,-118.42447,Culver City/DelRey / Silicon Beach Playa Del Rey
115592,37.39578,-121.96188,Engineer's Paradise 5 (Mixed Gender Shared room)
89548,40.69446,-73.94359,NYC Airbnb 6.
53598,34.04478,-118.3266,MYSTAYLA 102A Men`s Dormitory room(shared space)
161312,41.79085,-87.65267,Charming Bedroom in Windy City
166924,30.31831,-97.73059,N.Lamar: Economic Spot in Fantastic Community
230018,37.67027,-122.43597,"a3.1 Stay With Us, Safe Money"
99290,40.75668,-73.91393,"Renovated Three Bedroom, Steps From The Subway"
39757,34.11515236837071,-118.01542555665095,Art Studio Shared Room 2
35020,34.17249,-118.64439,A single bed in a shared space - Los Angeles (LA)
42455,34.20747,-118.39396,Beautiful Hollywood  Nice Space
36134,34.05391,-118.44123,1 spot out of 3 available in 1 bed 1 bath apartmnt
96207,40.76075,-73.98802,Time Square New York (Share Room 1)
69866,40.76823,-73.93061,Private in central location
232081,37.70463,-122.45164,Humble Space Shared Bunk Room
200761,26.0178,-80.21914,AC2)Shared room in a luxury hostel
54042,34.01083,-118.23458,#18 USC/Expo Park Shared Room Bottom Bunk
30838,33.93632,-118.23208,Creative Co-living Room 1 Bed 3
46579,34.04463,-118.32692,MystayLa 202C Women`s Dormitory room(shared space)
80805,40.74013,-73.98321,Air bnb won‚Äôt let me delete but do not book
81864,40.69772,-73.91364,Lovely room in Brooklyn
194329,26.0196,-80.21947,AB1) Wait for your apartment with us (shared room)
47090,34.04769,-118.20077,*BRAND NEW* 4-Bed Co-ed room near DTLA
48959,34.01154,-118.23466,#8 USC/Expo Park Shared Room Bottom Bunk
54717,34.04616,-118.32867,MYSTAYLA 102B  Men`s Dormitory room(shared space)
101579,40.63667,-74.00167,shared room in Brooklyn(girls)
50656,33.97479,-118.28392,Shared Room
108993,40.758202768159904,-73.86324260618218,Econ√≥mico y hermoso en NYC
39861,34.03397,-118.43238,Bed in a shared room (coliving) in Westwood
85624,40.70516,-74.01281,Beautiful Sofa Bed Available in Luxury Condo
57723,34.02144,-118.3141,A Home Away from Home !
153294,39.67314,-104.87473,Bunk At The Travelers Shared Room Microhostel
106740,40.7897984856757,-73.94537559864914,Shared Space in large apartment
94996,40.84358,-73.94147,Lovely shared rental unit in Manhattan
103922,40.68976,-73.95975,"Crash Pad , Next Door To Subway/Pratt"
224812,36.20588,-115.03611,share room away from the strip
159512,41.83734,-87.61457,A lot of amenities south loop
24865,34.00355,-117.97188,Surf a Sofa for Students & Travellers
98161,40.80837,-73.9319,Mott Haven Dorm BB
50697,34.00922,-118.23646,#2 USC/Expo Park Shared Room Bottom Bunk
112386,37.41249,-122.12596,Digital Nomad - Palo Alto - Bed 5
46010,34.04846,-118.318,LA Human Story (Ìú¥Î®º Ïä§ÌÜ†Î¶¨) ÎÇ®ÏûêÎ∞© DORMITORY-05
74307,40.79997,-73.96529,clean and tidy separated livingroom
182170,45.5249,-122.66245,KEX Portland-Bunk in a Small Bunk Room-Female Only
44837,34.0491,-118.45968,Luxury Brentwood Penthouse w/Pool & Views
87408,40.69398,-73.93283,Beautiful Private Room-All inclusive Coliving
3233,37.78856,-122.41952,"Music City Hotel, Single Bed 4-Bed Female Dorm Rm"
95056,40.6884,-73.90813,Classy Modern Shared Male Rental |Brooklyn
114433,37.45191,-122.16066,Downtown Palo Alto : location location location
116926,37.29905,-121.97117,Work from Home: Clean + Vaccinated + Food Provided
62688,34.21923,-118.53729,Lovely Ranch-Style Home in LA !
113106,37.322112384006864,-121.94755624232788,New! Trendy Santana Row Loft - Junior Bedroom
55685,34.04814,-118.5188,Coastal City Charmer
25401,33.93631,-118.23264,Creative Co-Living Room 3 Bed 1
114589,37.41381,-122.12822,Sweet Home - Shared Living - Bed 1
62319,33.96078,-118.29219,"A home away from home Room #1 
Bed#1"
216063,36.155727,-115.148392,Bposhtels Las Vegas - Female Shared Room
166420,30.28511,-97.75813,Central ATX Crash Pad
189585,44.94686,-93.28552,"Great 1912 Home in UPTOWN, MPLS"
8368,38.87777,-76.98958,Capitol Hill #9 Intern & Student (6-person)
68613,40.69286,-73.96779,"Come see Brooklyn, New York"
157699,41.72828,-87.57651,E. MANSION SHARED COED ROOM (NOT PRIVATE) LOW BUNK
5262,37.72064,-122.48513,Commuter space in a large living room with parking
61735,34.04446,-118.25545,Traveler's Dream - One Bed in Shared Dorm Room
2684,37.77459,-122.39592,Misson Bay Converted Bedroom with Great Value!
21337,29.95823,-90.12892,Long Stay FULL/QUEEN  Bunkbed. No Fees!
71854,40.76073,-73.98908,[201] 5 min WALK to Times Square
229517,37.45626,-122.12985,Stanford Sunfilled Room in Techie's House
59313,34.121902570099394,-118.25480707681773,Zen HW Shared Bunk Room
165475,30.29997,-97.70606,Shared Living Room - Mueller
52243,34.04605,-118.29147,Bed in Lucid Shared Co-ed Room in LA K-town
14542,37.80406,-122.29486,Cottage bed 2 at FacesOasis
197995,26.01939,-80.21936,A2/2Your luxury home while you wait your apartment
45928,34.05669,-118.34888,Great Long term stay in Los Angeles mid city
52141,33.99951,-118.28329,Downtown L.A. / USC 3: Extended Hostel Fig House
43654,33.95038,-118.36052,Capsule bed near LAX #2.1
71156,40.73924,-73.98126,Tasteful Duplex in Gramercy Park
26338,33.96973,-118.29047,New comfortable co-living house
85499,40.79028,-73.9455,Large bedroom with windows near  Central Park
9823,38.90546,-77.02606,"Duo Housing, 4 Bed Mixed Dorm"
95856,40.80406,-73.96633,shared bedroom  manhattan near central park
115470,37.41841,-122.1353,Clean living room with privacy
134493,32.71397,-117.16007,Gaslamp Quarter Dorm bed in unique hostel!
45503,34.08997,-118.36716,Central Room In West Hollywood
41565,34.10219,-118.07096,clean & comfortable bed room with bathroom
107258,40.74378538972185,-73.98105919361115,"Sofa for simple travelers in the heart of Midtown,"
204450,26.05295,-80.14893,D1)üòéShared room‚úàÔ∏èAirport / üéâport / beach nearbyüåàüå≥ü•≥
133682,32.72383,-117.16552,1 Bed in a 4 Bed Dorm at Fun Little Italy Hostel
64085,34.0851,-118.30333,Co-living Community in Hollywood
51053,34.16242,-118.50061,LA ArtistHouse - Dorm Style! 5
112465,37.34312,-121.8905,Spacious room in SJ near Super Bowl
67033,40.76739,-73.9557,Best Manhattan Studio Deal!
80868,40.69494,-73.93709,Beautiful  cozy space for one
79315,40.75794,-73.81872,A cozy place to rest
180778,45.52459,-122.66231,KEX Portland-Bunk in Sixteen Bed Shared Room
103994,40.80933,-73.93064,Mott Haven Dorm 7
53836,34.0479,-118.31367,Dorm Rooms at Gramercy Place
8280,38.93538,-77.08308,Super Cheap shared bedroom in NW DC
167568,30.28941,-97.7493,Modern Central Austin Apartment with Pool
101458,40.78998,-73.94563,Lovely shared room near Central Park
63105,33.90624,-118.34188,Single Apartment
169044,30.3907,-97.64748,New Modern Apartment
14543,37.80474,-122.29497,Annex A Room 1 Bed 1
75980,40.67816,-73.92536,Parlour Apartment in PreWar Home
7648,38.90103,-77.00335,Beautiful Apt next to Union Station
109583,40.71014120591753,-74.00637936754713,Economical Luxury Space
164492,30.2926,-97.74416,West Campus Co-op Perfect for SXSW!
220064,36.16279,-115.23182,"Discount Room, Las VegasÔºåroommate room"
54756,34.10503,-118.30955,Shared Hollywood studio
84328,40.84013,-73.94581,Enjoy a break. You deserve luxury!
22780,29.95603,-90.1322,NOLA  Boys Bunkhouse
46998,34.07915,-118.07225,Shared room in Rosemead
10297,38.91001,-76.98561,Living Room Space Available... Free Breakfast
103839,40.80831,-73.93044,Mott Haven Dorm 6
159147,41.77553,-87.65523,Couch Surf /Flex Check-in/ Hold Luggage /Shuttle
227656,42.29487,-71.08142,Lovely 1 bedroom in the heart of Boston.
86450,40.84987,-73.93168,"Shared room  Manhattan w/ breakfast, 1 block metro"
44795,34.07879,-118.19634,Los Angeles Skylight Cabin Style BigStudio Retreat
116925,37.29905,-121.97117,Long-term Stay: Clean + Vaccinated + Food Provided
14592,37.81068,-122.29627,P2 Room 1 Bed 3
48358,34.04846,-118.318,LA Human Story (Ìú¥Î®º Ïä§ÌÜ†Î¶¨) Ïó¨ÏûêÎ∞© DORMITORY-02
56124,33.95756,-118.4398,Playa del Rey House
158967,41.83925,-87.70828,"That ganja friendly pitstop in chicago, remember?"
47160,34.16616,-118.39691,"Living room airbed, wifi"
68601,40.81196,-73.94511,Your Amazing Vacation Apartment!
28997,34.00462,-117.97099,Sofa for Students/Travellers in Hacienda Heights
27191,34.04658,-118.25979,Artist Housing DTLA
53638,34.0464,-118.32848,MY STAY LA 202A Women`s Dormitory room
166960,30.28216,-97.76113,Harvey Evacuation
96756,40.75863,-73.86292,"Hermoso, c√≥modo y econ√≥mico apartamento. Queens NY"
195534,26.01974,-80.22075,AB2)Shared room/ cool hostel
115591,37.39578,-121.96188,Engineer's Paradise 2 (Mixed Gender Shared room)
196323,26.05164,-80.14948,"Da1)Shared room/lady only /Beach, airport nearby"
206777,26.03337,-80.14408,ONE BED in 10 BEDS SHARED MIXED DORMITORY ROOM
137649,32.74653,-117.15217,Sofa King Comfortable Couch
48389,34.16082,-118.50118,LA ArtistHouse - Dorm Style! 4
167930,30.32033,-97.729,N.Lamar: Economic Spot in Great Community 5
24824,33.891266,-118.233406,Hi-tech Tokyo-style Capsule Bed Hotel in Compton!
26264,34.00421,-117.97225,‚ÄúI can sleep on the Loveseat!‚Äù For Travelers
44487,34.16131,-118.40582,Spacious living room
69531,40.68542,-73.95762,Couch for Comfort
103742,40.80787,-73.93089,Mott Haven Dorm 1
62062,34.15223,-118.24896,Couch in at condo in Glendale
116420,37.44832,-122.1661,5. Stanford Hacker House
80762,40.7369,-73.92856,Manhattan view from Queens- 15 min from NYC & BK
166731,30.32197,-97.72521,Guadalupe: Shared Room in Fun Community
40684,34.053918083028336,-118.27980317515828,$20 Per Night/DTLA Shared Living /Commute Friendly
230828,37.70488,-122.46822,c1.1 Walking Distance to subway. Shared Room
113144,37.41476,-122.11948,Cheerful room in Palo Alto
91395,40.78238,-73.97704,Prime UWS One Bedroom Apartment with Flexible Stay
54330,34.03199,-118.28923,Flexible Room near USC
206654,26.100803,-80.146612,* Cute & Artsy Stay in Great Location (Sofa Bed) *
97343,40.73843,-73.92225,Male Dorm Style Bunk Bed Separated by Curtain 2
30729,33.97326,-118.28552,Quiet relaxing getaway 10 mins to DTLA / HOLLYWOOD
194767,26.01343,-80.1504,Bed in veranda (Guest Suite) with free parking
116916,37.29905,-121.97117,Vaccinated Engineers & Interns: Unlim Food & Clean
96936,40.72687,-73.98979,"Bunk beds, East Village"
36603,33.94867,-118.35988,Capsule bed near LAX #3.1
3238,37.78856,-122.41952,"Music City Hotel, Single Bed in 4-Bed Male Dorm Rm"
12863,38.90438,-77.02507,Sojourn | The District | Co Living
201396,26.01615,-80.20941,Shared one bedroom/bathroom unit near Hollywood
227770,42.3022,-71.07292,Vibrant Room 2 1bedroom apt strategically located
76384,40.81139,-73.95422,"Cozy Harlem SHARED studio, Walk up, FEMALE ONLY"
226625,42.31181,-71.09914,"Restaurants, zoo, and mbta all 5 minutes walk."
74584,40.74689,-74.00175,1st Time/Solo Guests: Charming NYC Apt. Share!!!
42114,34.04533,-118.44964,Affordable place to stay in West LA/Santa Monica
75955,40.75493,-73.9927,Best Location! Near Times Sq Javits Ctr Penn Sta
44150,34.11377,-118.01394,Arcadia Shared Room 2
100085,40.80338,-73.96617,Bed and shower in Manhattan
93919,40.72636,-73.98673,Event Space in the East Village
29041,34.10438,-118.34654,Franklin Towers
230167,37.66356,-122.48005,Apartamento novo super moderno!!!
5972,37.71295,-122.39917,huge 1 bedroom 1 bath with full amenities
167209,30.32042,-97.72936,N.Lamar: Economic Spot in Great Community 1
63683,34.16217,-118.43101,Affordable Bunk Room + Airport Pick Up #1
100063,40.80239,-73.9646,Lovely shared room by Columbia university
162636,41.73939,-87.56342,Spacious Shared Room in Quiet Neighborhood
5952,37.79856,-122.44107,"NEW Marina co-living by GoldenGate, Chestnut St."
65714,33.96989,-118.29052,–•–æ—Å—Ç–µ–ª 900 in South LA
106717,40.6779391,-73.9086841,bed in a female dorm room
114177,37.44842,-122.16641,2. Stanford Hacker House
20726,29.93788,-90.07831,Amazing Atmosphere Hostel - 1 Bd in 8 Bd Mxd Dorm
203917,25.96746,-80.31272,Vanlife Resort Miramar (Rv parking)
24705,34.18783,-118.62117,Great location
60618,33.958563060417056,-118.4173334588218,Great offer for living in LA
41807,34.05256,-118.26868,Angel Towers! Luxury Townhome in DTLA.
101051,40.71497,-73.95517,Minimalistic Guesthouse with Rooftop
62035,34.06080648040923,-118.38691744154984,Zen Home in Bunk Bed Room
89776,40.76592,-73.99291,Affordable share in Midtown West area
169082,30.30463,-97.72584,N.Lamar: Economic Spot in Amazing Community
93067,40.765639037297206,-73.99491547342888,"Up in the clouds in Manhattan, NYC!"
82440,40.74639,-73.87442,Cute inexpensive place for a short stay in Queens
44491,34.17941,-118.46123,Roommate
35130,34.05429,-118.2522,Shared space in a luxury DTLA sky rise -Pool & Gym
70659,40.69898,-73.93605,Twin Loft Nook in Brooklyn
56410,34.046103723841576,-118.45373432516978,West LA - Lovely shared bedroom
11259,38.90174,-77.05072,"Central location in downtown Washington, DC"
166873,30.32002,-97.73123,N.Lamar: Two People Shared Room 2
181169,45.52267456054688,-122.64909362792967,One Bed in a Shared 8 Bed Female Dormitory
52093,33.82699,-118.3069,Master BoHo LED designer Lofts near LAX/LGB
52082,34.04742,-118.20034,Standard of the Lord Hostel- Female Only Room (B)
232084,37.70415019162746,-122.44973024597432,Humble Space Shared Bunk Room
165887,30.29523,-97.71567,SXSSofa
108348,40.72469,-73.98953,Lower East Side Shared bedroom - Female only
3739,37.78471,-122.43205,Webster Tower Japantown
189873,44.9429,-93.17164,Beautiful mansion on historic Summit Avenue
223895,36.11238,-115.24681,‰ΩçÁΩÆ‰ºòË∂äÁöÑÁã¨Ê†ãÊàø
87673,40.68772,-73.94825,beezO‚Äôs place
229886,37.66924,-122.43733,a3.2 Will Be Glad To Host You
30538,33.93672,-118.2324,Creative Co-Living room 3 bed 4
167204,30.30142,-97.74084,Hyde Park Haven
181168,45.52267456054688,-122.64909362792967,One Bed in a Shared 4 Bed All Gender Dormitory
132318,32.7577,-117.08797,Rustic Chic Retreat‚Ä¢Northpark‚Ä¢College‚Ä¢Kensington
2663,37.76942,-122.44991,Red Victorian - Four beds in shared Hula Hoop Room
83494,40.79952,-73.94565,Shared room by the Central Park ( MALE ONLY )
30523,34.15999,-118.15933,Orange Tree Room
226442,42.32016,-71.08191,2.33L Chocolate Sunshine
12862,38.90489,-77.02304,Sojourn | The District | Co Living
67615,40.79016,-73.95092,Cute shared studio apartment
21334,29.95636,-90.12962,30 Day LGBTQ Solo/Backpacker/DigitalNomad Traveler
53041,34.00929,-118.23646,#1 USC/Expo Park Shared Room Top Bunk
47173,34.03314,-118.43832,üíé 2Mil WLA New Built w Rooftop+G mins2Santa Monica
2138,37.76944,-122.44992,Red Victorian - Sun Bunk in shared Friends Room
48387,33.8606,-118.40079,4-Bed Female Shared Dorm with Ensuite Bathroom
115536,37.39189,-122.08113,"Comfy sofa bed , shared space in central location."
134349,32.71211,-117.15721,"1 Bed mixed dorm in fun, hip hostel"
40257,34.10337,-118.34513,Private Room in Coliving Community
37742,33.99715,-118.48009,Gorgeous Venice Escape 100ft from Boardwalk.
165391,30.26355,-97.76376,5min walk to ACL
50644,34.04616,-118.32844,MY STAY LA 201C Women`s  Dormitory room
96405,40.69228,-73.92397,Nice Shared ROOM in Brooklyn
219857,36.141,-115.22693,Rose Garden room #5 Big pky  Luxury one story
114068,37.38695147340893,-122.01241025594447,(B1) Silicon Valley Youth Hostel
150968,39.75298,-104.99083,Incredible View of MTS in 4-Person Mixed Room!
85674,40.68147,-73.94498,Male Shared Room 3pp|Well-furnished | Ensuite Bath
129689,32.79552,-117.24601,"Steps from the beach, Heart of PB"
36731,34.51747,-118.30497,Cozy 10x15 private room
48407,33.79598,-118.18466,"Bravo Shared Room, Beautiful House"
96796,40.73751,-73.92392,Male Dorm Style Bunk Bed in Shared Room
39876,34.19347,-118.39076,Hey Hey Hey Welcome
8186,38.88985,-76.99052,Female Only - Futon bed in a clean apartment
46016,33.79436,-118.18588,Charlie Shared Room. Beautiful House
215233,36.0872,-115.22408,The Las Vegas Hideaway
231096,37.70339,-122.46687,c4.1 Silicon Valley Launchpad. Shared Room.
9568,38.92656,-77.03035,101E Cozy Shared Room in CoHi DC! (Female Only)
50423,34.04414,-118.42963,"S-4*Stay home workers! Ultra clean,best area"
49468,34.02548,-118.27972,The Row House
137838,32.74676,-117.15196,Special couch place #2
52783,33.99545,-118.45612,VENICE LOVE SHACK- Shared bus
156701,41.9459,-87.65461,Wrigley Hostel - 4 Bed Shared Room
116422,37.32507,-121.87723,#J2-Comfy shared space w/screen divider/workspace
79235,40.69446,-73.93778,Shared beautiful room at Bed-Stuy near subway
55851,34.16238,-118.4992,LA ArtistHouse - Dorm Style! 3
116543,37.34225,-121.93331,#S11-Shared Space w/ Screen Divider in Santa clara
85444,40.80984,-73.92992,Mott Haven Dorm JJ
168032,30.31843,-97.73117,N.Lamar: Shared Room Spot in Great Community
51700,34.04846,-118.318,LA Human Story (Ìú¥Î®º Ïä§ÌÜ†Î¶¨) Ïó¨ÏûêÎ∞© DORMITORY-09
156114,39.75363,-104.9916,Bed in Shared Room SUPER Close to Union Station!
67198,40.67595,-73.76463,yahmanscrashpads
60154,33.9696674408889,-118.28968689220304,South Hostel 902
8590,38.87918,-76.98947,Capitol Hill  (Groups) Intern/Student Bunks 2-4
184194,47.66325,-122.35215,‡§µ‡§æ‡§ó‡§§ Shreya Ghoshal/Berry White (Close to Amazon)
58835,34.04912,-118.30535,ONLY FOR GIRLS ROOM IN KOREATOWN!
45873,33.95042,-118.36035,Capsule beds near LAX 3.3
3321,37.78692,-122.41795,Co-living @ PodShare San Francisco! Twin Pod 6/7
197701,26.18208,-80.12598,Mid Century Charmer Private Room
96001,40.8025,-73.96404,Lovely Shared room Near Columbia University
14596,37.81059,-122.29649,P2 Room 3 Bed 3
28105,33.84173,-118.34786,Clean and Spacious Apartment
130514,32.74664,-117.15089,The Hostel California
151857,39.75334,-104.99072,Stay Close to Union Station in Downtown Denver!
85333,40.81739,-73.93831,The Secret Uptown Excursion (Shared)
24742,34.02638,-117.80843,The Fun House - More than a Bed.
54611,34.04846,-118.318,LA Human Story (Ìú¥Î®º Ïä§ÌÜ†Î¶¨) Ïó¨ÏûêÎ∞© DORMITORY-10
49428,34.01849,-118.25706,"Smart Value Deal Downtown LA, free parking on site"
36040,34.06858,-118.42279,ROOM W VIEW-LA/WESTWD CLOSE TO UCLA
14530,37.80474,-122.29674,Room 3 Bed 3 at FacesOasis
39415,33.95074,-118.36204,Capsule bed near LAX #4.2
63166,33.93351,-118.13631,Lovely bedroom rental with free parking
137186,32.77927,-117.12966,Resort like living 4 students/interns! Shared room
54926,34.06133,-118.29346,Shared master room for females only
198611,26.05241,-80.1498,D2/1ü§óShared room(2 beds)‚úàÔ∏èAirportüå¥beach 15 min
95731,40.67669,-73.96041,Private Room within literal minutes of Everything!
52007,34.09424,-118.31297,"Shared living room in Hollywood, Los Angeles"
3236,37.79298,-122.42124,"Music City Hotel, Single Bed 6-Bed Female Dorm Rm"
103736,40.62557260000001,-73.94347909999999,A cozy room away from home
174651,30.1808712,-97.7728691,Lovely apartment unit in South/Central Austin.
97514,40.74448,-73.89627,"**BEST LOCATION IN QUEENS"" Everything is near by"
167908,30.31472,-97.7167,Evans: Shared Room in Awesome Community
108788,40.76739160143993,-73.78981949881104,Cozy Bright Long Rest Shared Room Bed #1
45105,34.10338,-118.34691,Co-living Community - Shared room (C)
55494,34.00961,-118.23614,#12 USC/Expo Park Shared Room Bottom Bunk
219967,36.11545,-115.19783,Ultimate Penthouse in the cloud with jacuzzi
28931,33.93727,-118.23396,Creative Co-Living Room 4 Bed 4
36315,34.01056,-118.48522,Ocean Park Beachy Day Bed
118603,35.59731,-82.55288,Bunk Bed at Sweet Peas Hostel
45057,34.06728,-118.29617,S√∫per precio
46753,34.04846,-118.318,LA Human Story (Ìú¥Î®º Ïä§ÌÜ†Î¶¨) Ïó¨ÏûêÎ∞© DORMITORY-11
83496,40.80113,-73.9438,Beautiful shared room ( FEMALE ONLY )
8111,38.92742,-77.02941,301C Cozy Shared Room in CoHi DC! (Female Only)
111705,37.38797,-122.02644,HackerHome - Sunnyvale: female only room
53113,34.01325,-118.23911,#B5 Downtown LA Shared Room Top Bunk
230528,37.54962,-122.31383,test
52124,34.01321,-118.23817,#A2 Downtown LA Shared Room Bottom Bunk
9672,38.95743,-77.01237,Modern Southwestern Full Bed in Bohemian Community
87838,40.67964,-73.75473,Jfk flight attendant crashpad
40492,34.05499,-117.92123,"West Covina, Truman: Room 2"
56137,34.04539,-117.85014,
71586,40.63574,-74.00386,SemiPrivateLivingRoomTwinBed/MaimonidesNYUBrooklyn
49195,34.04846,-118.318,LA Human Story Hostel 2 (Female Dorm & Male Dorm)
47934,34.04088,-118.2937,Korea-town shared living with patio
77183,40.64369,-73.97305,Master bedroom in a two bedroom apartment.
115932,37.38434,-122.06465,Cozy private room
84620,40.70357,-74.00971,Comfortable place in downtown NYC
11383,38.91211,-77.02184,"‚òÖ‚ù£‚ù£‚ù£‚òÖ Spacious Private Room, Self Check in / out!!"
154457,39.72564,-104.98327,Cozy Couch in heart of Denver
2645,37.76942,-122.44991,"Red Victorian - Private room, Peace Room"
219033,36.11471,-115.1986,Palms Penthouse in Resort with pool and Balcony
75978,40.72328,-73.85542,Room Available for Up to Two Guests.
229259,37.68823,-122.46296,Comfy Bed in Shared room # 1
110085,42.3719,-71.11117,Excellent location - harvard square clean sofa bed
46063,34.10157127646441,-118.3139960810176,Safe house Hollywood
116170,37.30214,-121.97744,"Just passing through, or a weekend stop"
93781,40.61561965942383,-73.92476654052734,Guest house with separate House entry
140710,36.14721,-86.78759,Cheap Vandy / Downtown Nashville CrashPad
21171,29.95734,-90.12941,Ochsner Hospital and Lycee Francais School
54934,33.7729,-118.17942,No DUI Crash Twin I
13061,38.877605888290255,-76.98923552189777,Capitol Hill #1-2 Intern Housing
43094,34.06816,-118.33819,Shared room in a house located in West Hollywood
53626,34.18435,-118.32625,Big Comfy Couch in Burbank
75508,40.73872,-73.85667,Cozy Bed in NYC
45483,34.18288,-118.29841,Relaxing Near Studios
103981,40.80773,-73.93089,Mott Haven Dorm 2
60839,33.97378,-117.90868,ÁΩóÂÖ∞Êú®Â±Ö
162319,41.73004,-87.57697,F. Mansion Shared Coed Room top bunk
91832,40.73876,-73.86291,1 Cama en Departamento Femenino (Women Only)
72022,40.76389,-73.99072,Cozy Apartment Near Central Park
139052,32.740486,-117.230568,Bed in 6-Bed Mixed Dorm in Fun Ocean Beach Hostel
86462,40.84983,-73.93342,"Shared room Manhattan w/ breakfast, 1 block metro"
5745,37.71281,-122.40052,Beautiful big house sitting in Silver Terrace
151578,39.73084,-104.98442,Shared Room - 1 twin bed in 8 bed Female ONLY dorm
120846,40.01315,-83.00093,OSU ROOM
54011,34.04892,-118.44386,Westwood Shared Room closed to main avenues
153330,39.7555,-104.98596,Beautiful Downtown Denver shared space
57895,34.02131,-118.31592,CHEAP STAY in Historic Mansion! FREE BREAKFAST
34847,33.82795,-118.3099,Trendy Private LED Home Lofts near LAX/LGB/Beaches
86660,40.76665,-73.99017,Shared Room On Heart of NYC
9819,38.90557,-77.02733,"Duo Housing, 10 Bed Mixed Dorm"
24524,33.93838,-118.23375,Creative Co-Living Room 1 Bed 4
85982,40.69531,-73.94403,NYC Airbnb 1.
15438,37.7372251,-122.1355506,Cheerful home with free street parking
84037,40.80912,-73.93095,Mott Haven Dorm AA
53114,34.0133,-118.23849,#E17 Downtown LA Shared Room Top Bunk
52022,34.04504,-118.42801,"S""A"" Shared home-Stay home workers!"
167664,30.26167,-97.68564,Chill living room space #3
74614,40.73924,-73.86465,Awesome and safe  Hostel near NYC
205431,26.16827,-80.18981,Modern private comfortable room w bath & lake view
32066,33.9366,-118.23254,Creative Co-living Room 1 Bed 2
197997,26.01812,-80.21972,Ab3)Shared room/ cool hostel
79071,40.66176,-73.94346,Bed in shared room in Crown Heights
100670,40.64493,-73.95684,Mixed Gender (Coed) Massive Room to Crash
88955,40.87811,-73.83654,The Bronx's lovely getaway
53447,34.24122,-118.56091,Comfy Couch to lay your head!
114064,37.3881019,-122.0129913,Silicon Valley Startup HomeÔºàA1Ôºâ
212639,36.10731,-115.17061,*Polo Towers- Studio sleeps 2
205709,25.98527,-80.15349,Shared Room next to the beach 2
50658,33.97489,-118.2836,Shared Room
88525,40.75761,-73.97667,Se h√≥spede no cora√ß√£o de Manhattan
229658,37.68786,-122.46394,Female Shared room # 4
52059,34.01149,-118.23481,#14 USC/Expo Park Shared Room Bottom Bunk
216029,36.155724,-115.14843,Bposhtels Las Vegas - Mixed Shared Room
131349,32.62722,-117.06725,Cozy bedroom in Chula Vista
74834,40.71288,-73.95523,Cozy Couch in Wburg
53815,34.05756,-118.29731,Shared room is available In Hollywood
51058,34.06066,-118.08191,#A3 Shared bath Carpet Central AC ‰πæÊ∑®ÂÖ±Áî®Êµ¥ÂÆ§ÊàøÊúàÁßü1000
114107,37.38745882091843,-122.0121727390322,(A2) Silicon Valley Youth Hostel
107173,40.64995965579197,-74.01086143453924,Sunset Park Bunkroom 1 (Ladies Only)
73287,40.67114,-73.93561,Futon in Brooklyn near subway
100607,40.68683,-73.91886,Discount!'!Stylish Female Shared Room| Brooklyn
31071,33.93757,-118.23438,Creative Co-Living Room 1 Bed 1
49573,34.01464,-118.23819,#A1 Downtown LA Shared Room Top Bunk
59151,34.215724152599364,-118.53437748786338,"RMs near CSUN+Northridge 
 Hospital /Huge yard"
160399,41.72991,-87.57668,X4. MANSION SHARED COED ROOM(NOT PRIVATE) TWIN BED
55964,34.04594,-118.27863,Nonavailable
80409,40.76743,-73.95328,Comfy 6ft. couch in living room
87436,40.68299,-73.91392,"Couch / Living room on demand for 1, short term."
48977,34.04442710299666,-118.32648645154948,MysatyLa 202C Women`s Dormitory
181524,45.50548,-122.5329,Mid 1A Joint@MC Airport (PDX) Close
42423,34.10248,-118.3415,Orange Drive Hostel - Female Dorm
121007,39.93411,-82.91071,I love helping people not banging money
71089,40.77868,-73.95617,Upper East Side - 1 Bedroom Queen
158232,41.728,-87.57715,X5. MANSION SHARED COED ROOM (NOT PRIVATE)
107129,40.650507567642464,-74.00918805271361,Sunset Park Bunkroom 2 (Ladies Only)
42152,34.06512,-118.45101,Fall sublet Sept-Jan 2016
39205,34.01368,-118.10298,The Life Loft @ Heart House/ Not a private room
85571,40.76572,-73.79278,One bedroom with Free Parking
229237,37.68822,-122.46288,Daly City Bunk-bed style # 1
14534,37.80279,-122.29634,Annex B Room 1 Bed 4
87472,40.61611,-74.00476,Beautiful Quiet Luxury Minimalist Apartment
167212,30.31855,-97.72938,N.Lamar: Economic Spot in Great Community 4
55229,34.05141,-118.37022,Shared Community Room in Large House
96409,40.80792,-73.92989,Mott Haven Dorm F
166098,30.31877,-97.73093,N.Lamar: Great Value Great Community
1294,37.79358,-122.40642,Mixed Dorm
54278,34.03166,-118.2888,Summer sublease for $350
104508,40.68762,-73.96011,CrashPad Next Door to Subway/Pratt 24/7 checkin
157333,41.93316,-87.66783,Comfy couch -Steps from Public Transit/Divvy
231979,37.65851228273535,-122.41614865245931,Shared Double Bedroom (Female ONLY) in Quiet Home
211094,26.16391,-80.21138,MARAVILLOSO SITIO PARA  VIAJEROS.
232064,37.70419024138575,-122.45011215334956,Humble Space Shared Bunk Room
39792,34.05457,-118.28106,$20 DTLA Shared Living / Commuter Friendly
151510,39.72937,-104.98324,Shared Room - 1 twin bed in 16 bunk bed co-ed dorm
96784,40.86714,-73.92626,Stylish room uptown NYC. No cleaning fee. üç∑üå≥üê∂
86692,40.68821,-73.98452,living room in Brooklyn Downtown Luxury building
96195,40.73033,-73.88573,Cozy Shack-1 Bedroom Studio with Sofa/Full kitchen
85675,40.67981,-73.94347,Male Shared Room |En-suite Bathroom| last room
98458,40.670563,-73.73288,Lovely rental with indoor firework
46676,34.04503,-118.32667,MYSTAYLA 203C Women's Dormitory room
9047,38.9076,-77.00471,NoMA - Room Divider Space
63722,34.20629,-118.57853,Comfy Couch in Apartment living Room only
114059,37.39739,-122.00437,#S33-Cozy Divided Room w/ Work Desk in Sunnyvale
170669,30.32006,-97.73119,N.Lamar. Economic Spot in Great Community 2
83458,40.84394,-73.88712,Spacious Studio SHARED
98439,40.81212,-73.95185,Futon Bed (private hangout)
4792,37.79981,-122.42657,One Bed in a 4-Bed Mixed Room with Bathroom
139383,32.77315,-117.07581,Campus housing on the SDSU campus
116281,37.4335,-122.12269,Sutter House Room 3
60067,33.91376,-118.33942,"Cozy sharedroom, LAX 9min, SoFi 01 -UPPER BUNK"
51051,34.16262,-118.49944,LA ArtistHouse - Dorm Style! 2
212706,36.11057,-115.27662,(SB) Master Room w/2 Queen Bed Sleeps 4
129928,32.746262,-117.250572,Ocean Beach - Bed in 6-Bed Female Dorm
36381,33.99122,-118.47568,Comfy Airbed Steps to Beach on Venice Walk Street
218604,36.16163,-115.23364,"Shared room, monthly rent, economic roommate"
183732,47.61479,-122.33841,Downtown w/pet bunny üêá Ask about short stays!
230914,37.70478,-122.46874,"c4.3 Clean and Quite. Shared Room, Co-Ed."
117472,35.57893,-82.59564,Female Dorm Bottom Bunk at BPS Hostel
203645,26.04633,-80.16471,Rental space for beauticians!
60702,33.97333,-117.90556,Âçé‰∫∫Âå∫ÁΩóÂÖ∞Â≤óÁ≤æËá¥ÈõÖÊàø
115766,37.34665,-121.88535,HackerHome - San Jose shared room
174483,30.28804,-97.67694,‚ô™ The Wanderlust Lodge ‚ù£ Boutique Hipstel Hostel ‚ô™
29603,34.04612,-118.31176,Gramercy Place---monthly dorms
220067,36.16286,-115.23228,Las Vegas.  Discount RoomÔºåroommate room
204398,25.99338,-80.19846,‚òØEnjoy memory foam Bed in a Shared Room‚òØ
56098,34.01638,-118.35122,Shared room in Los Angeles
96388,40.81009,-73.93122,Mott Haven Dorm B
74526,40.77427,-73.90293,Airy livingroom in quiet restaurant neighborhood !
108771,40.74659135980254,-73.85433032502898,Popular NYC Bunkbeds room Budgetless Top
209809,26.05226,-80.14991,D1/3‚úàÔ∏èüçîüëçShared room in hostel.
82723,40.7117,-73.98671,"Manhattan: large 3bed/2bath, new reno, central LES"
60032,33.95701,-118.41866,Shared living in modern RV
53947,33.96087,-118.19032,Shared apartment cheap and nice
106699,40.70909599302728,-73.94868413857233,Special offer! Shared Room Rental|Willliamsburg
42260,34.1002018,-118.3249325,Hollywood International Hostel
89547,40.69467,-73.94346,NYC Airbnb 5.
59965,34.15768,-118.14024,Crash here for one guest  (Females only)
47018,34.01775,-118.25768,Smart Deal near Downtown LA & USC Campus
86265,40.75112,-73.94055,5 mins to NYC Amaze City View Luxury Comfy Couch
180574,45.50732,-122.53317,Airport Area King-Size Couch.
78531,40.74961,-73.86463,"Quick stay ""Couch"" walk to CITIFIELD & LGA airport"
46713,34.10338,-118.33379,Furnished Living Room in the heart of Hollywood
56516,33.95746,-118.41708,"Taste motorhome lifestyle. Share place, save money"
43335,34.11546,-118.01411,Art Studio Shared room 3
81982,40.75651,-73.96978,"Cozy Corner, Save Money in Midtown NYC!"
55900,34.04738,-118.31411,Gramercy Place--dorm rooms available. Great Price!
41527,34.03926,-118.38047,Living room in Beverlywood area
217047,36.10922,-115.269,White couch
51331,33.98993,-118.3475,Lovely shared space with everything you need
132491,32.71233,-117.15939,"Gaslamp living! Chill, clean female dorm room"
47339,34.06224,-118.33318,"#T1-1 DTLA Hostel Twin Bed, TV, Locker & More."
56498,34.21405,-118.53222,"CENTRALLY LOCATED in LosAngeles,SFV"
100128,40.81742,-73.94016,Extra Bed in Living Room
75766,40.72231,-73.99594,Nice Room in Charming Apt.
65419,33.96608,-118.07201,Small room but lovely place
55502,34.01127,-118.23455,#20 USC/Expo Park Shared Room Bottom Bunk
49618,34.54219,-118.01822,Shared Room
184356,47.6126,-122.3405,"Bunny says, ""Better than a hostel!"" *8pm-8am only*"
140270,32.80056144432483,-117.19498220422876,"Clean, Bright, Gorgeous Bay Park Room w/ Priv Bath"
100386,40.731633,-73.7840743,(Private room) two bedroom apt shared unit space
103661,40.80261,-73.96406,Lovely shared room in Manhattan
183038,45.51139140626393,-122.62612305325196,Shared room - best location
74457,40.7662,-73.99229,Sofa Bed Available in Midtown Manhattan
39143,34.19599,-118.3911,New Sharehouse in NOHO
169817,30.23751,-97.75303,Feel home
28601,34.08325,-118.30836,Los Angeles Melrose Hollywood Hostel
47402,33.88847,-118.41364,Stunning 3Bedroom in heart of LA
24642,34.11453,-118.33056,SAVE $ SHARE LOS ANGELES VILLA
74419,40.86046,-73.88378,
14524,37.80299,-122.29638,Room 2 Bed 1 at FacesOasis (Shared Room)
162471,41.7391,-87.56541,Spacious Shared Room Near Jackson Park Hospital
116978,37.39578,-121.96188,Engineer's Paradise 7 (Mixed Gender Shared Room)
30885,34.05842,-118.25185,Great Location Downtown LA(Male)
115453,37.34288,-121.89395,Gorgeous Livingroom Close SJSU-Convention Center
10160,38.89969,-76.99884,Double Bedroom (Capitol Hill)2
115302,37.44646,-122.1654,4. Stanford Hacker House
112604,37.32815,-121.97118,Marvelous SHARED room in Sillicon Valley!
21424,29.9562,-90.12916,Monthly Loft or Bunkbed Rental. No Fees.
105638,40.63549241850211,-74.00463951157175,shared room in Brooklyn
52504,33.77284,-118.17803,No DUI Crash Couch I
14531,37.80497,-122.29641,Room 3 bed 4 at FacesOasis
68397,40.76803,-73.95457,Futon on the Upper East Side!
47814,34.09141,-118.31353,Shared room is available
15526,37.76984,-122.17432,Lovely shared room in an apartment in Oakland
50780,34.0135,-118.23867,#B6 Downtown LA Shared Room Bottom Bunk
45383,34.10394,-118.34044,Orange Drive Hostel-Male Dorm Room
48058,34.01121,-118.23518,#3 USC/Expo Park Shared Room Top Bunk
91753,40.73798,-73.863693,"‚òÜ 1 Single Bed, Shared Dorm Female 3 Beds"
50634,34.04622,-118.31368,Dorms at Gramercy Place---Perfect for Interns!
33585,34.06052,-118.33339,"#F1-4 DTLA Hostel Full Bed, TV Locker, & More."
184978,47.60996,-122.339,Twin Bed in Shared Dorm @ Green Tortoise Hostel
71172,40.7291,-73.97605,Couch or space in shared apartment
88245,40.63292,-73.94503,Man cave
54610,34.04846,-118.318,LA Human Story (Ìú¥Î®º Ïä§ÌÜ†Î¶¨) ÎÇ®ÏûêÎ∞© DORMITORY-08
68308,40.80051,-73.95247,Futon 2.0
198023,26.01782,-80.21925,A2/1Shared room/Cool hostel
13853,37.81489,-122.24955,"Budget ""C"" Near Lake 1-7 nights"
3237,37.78856,-122.41952,"Music City Hotel, Single Bed in 6-Bed Male Dorm Rm"
80230,40.86873,-73.88584,"Beautiful, clean, warm and friendly."
198026,26.01925,-80.21917,AC1)Shared room in a luxury hostel
60360,34.0685,-117.82117,Beautiful House on the hills 1
83885,40.64006,-73.97235,Private bedroom Cozy and Warm for girls ONLY
218082,36.04668,-115.13903,Cozy Cabana -- READ THE DESCRIPTION & SEE PICTURES
29881,34.08693,-118.36264,1 BD + BR Middle of WEHO SPACIOUS
9824,38.90546,-77.02637,"Duo Housing, 2 Bed Mixed Dorm"
109726,42.37734,-71.1486,Cambridge Modern Living
45059,34.00987,-118.24528,Cozy room
213558,36.15471,-115.1501,FEMALE ONLY 6 bed shared room on Las Vegas Blvd!!
99120,40.77968,-73.98008,Spacious triplex studio on Upper West Side
165080,30.23216,-97.72807,"SXSW! Not heaven, but cheap. (1)"
231103,37.70364,-122.47028,"c4.2 Vibrant Community, Be Our Friend. Shared Room"
157630,41.72795,-87.57804,F. MANSION SHARED COED ROOM (NOT PRIVATE) TOP BUNK
56139,34.17976,-118.54382,Comfortable Home in Quite location
60005,34.45026,-118.39636,Private NOOK Santa Clarita Homestay
15112,37.80083,-122.26779,Great Downtown Condo..420 friendly
80390,40.76473,-73.98896,Shared room for Female   in Hell's Kitchen 3
51808,34.04846,-118.318,LA Human Story (Ìú¥Î®º Ïä§ÌÜ†Î¶¨) Ïó¨ÏûêÎ∞© DORMITORY-03
206673,26.14138,-80.14043,Sunrise love
200786,26.0185409,-80.2202219,–ê–í1)Shared room in cool hostel
86269,40.7366,-73.78066,I have lived in  my apartment since 1991 love it.
34609,34.06056,-118.33513,"#F1-3 DTLA Hostel Full Bed, TV Locker, & More."
218067,36.03402,-115.30356,One private room rent /without garage
114385,37.34624,-121.88385,HackerHome - San Jose Dwtn: bunk 3
168029,30.31862,-97.73092,N.Lamar: Economic Spot in Community
68787,40.75474,-73.81985,"Backpackers Haven , Bed 2"
198577,26.0515,-80.14969,Db1)üíêShared  room üòéhostel‚úàÔ∏èAirportüå¥beach 15 minutes
106314,40.7384,-73.92987,Nice area and quiet.
8115,38.92742,-77.02941,301D Cozy Shared Room in CoHi DC! (Female Only)
53793,33.97067,-118.36326,Quiet and nice neighborhood
131020,32.740486,-117.230568,Bed in 10-Bed Dorm in Fun Ocean Beach Hostel
224481,36.2729457,-115.0117053,Las Vegas EDC Desert Rose1 Queen
69675,40.77334,-73.99031,ÊõºÂìàÈ°ø‰∏äË•øÂå∫ÊûóËÇØ‰∏≠ÂøÉÈôÑËøë‰ºòË¥®ÂÖ¨ÂØìÁü≠ÁßüÔºÅ
56209,34.17001,-118.51584,You won't want to leave! Comfortable and cozy!
21475,29.96042,-90.1225,SHORT Bike RIDE  Ochsner Main Hospital
37454,34.04547,-118.44935,Great place for fair price in West LA/Santa Monica
14538,37.80441,-122.29658,Cottage Bed 1 at FacesOasis
58888,34.12207048701252,-118.25513265520244,Zen HW Shared Bunk Room
50291,34.05314,-118.17394,"üéï420 Friendly Hills,SHARED Room:2 FULL-SIZE Beds"
211635,36.06418,-115.13479,LAS VEGAS QUEEN BED w/ PRIVATE HALF BATH 5* HOST
203927,25.98106,-80.19,Sweet Shared Room with Comfy Bed and Closet Space
107308,40.81021619795102,-73.93046878769378,Mott Haven Dorm 12
95688,40.80205,-73.96454,Shared room by Columbia university
95703,40.80223,-73.96432,lovely shared room by central park
157440,41.81899,-87.69867,2„ÄÅHome  in Chicago one bedrooms
150342,36.96552,-122.05799,Sleeping nook 1-mile from the beach + breakfast
87340,40.74585,-73.99151,Shared APT curtained Room A Midtown
101453,40.84780498513437,-73.8635117188096,Living room with sofa and futon.
206818,26.25672,-80.12123,Welcome to my comfortable sofa in my living room.
32678,33.93808,-118.23401,Creative Co-Living Room 2 Bed 4
10171,38.90116,-76.99881,Private Bedroom (Chinatown)
56005,34.04846,-118.318,LA Human Story (Ìú¥Î®º Ïä§ÌÜ†Î¶¨) Ïó¨ÏûêÎ∞© DORMITORY-08
2687,37.76942,-122.44991,Red Victorian - Double bed in shared Eden Hostel
48014,34.045361,-118.327682,MYSTAYLA 201E women`s Dormitory room(shared space)
98170,40.80829,-73.93178,Mott Haven Dorm DD
169713,30.28611,-97.749,4 mins drive to 6th street and Downtown Austin
14588,37.81023,-122.29641,P2 Room 1 Bed 2
90174,40.68783,-73.95921,"2 Twin Beds in My living Room, NextDoor Subway"
22311,29.93954,-90.07834,Amazing Atmosphere Hostel - 1 Bd in 6 Bd Feml Dorm
205708,25.98384,-80.15292,Shared Room next to the beach 3
183060,45.51100391802869,-122.6261072590562,Low Ceiling - walk to everything
212534,36.06456,-115.13517,Queen Bed w/ Private 1/2 Bath in Clean Quiet Home
163738,41.7598223,-87.57957259999999,Historic apartment in Chicago!
26243,33.93814,-118.23224,Creative Co-Living Room 2 Bed 2
133660,32.72326,-117.16521,1 Bed in a 4 Bed FEMALE ONLY Dorm at Downtown
103614,40.62378328886088,-73.937689023479,Cozy Private BedRoom- Flatbush
120654,40.01259,-83.00164,1 Single Bed in a Shared Coed Dorm at the Hostel
58594,34.04521,-118.25773,One Bed in Shared Dorm Room with En-Suite Bathroom
14533,37.80455,-122.29477,Annex B Room 1 Bed 2
75282,40.72334,-73.9938,Great Room in Charming Nolita Apt
108358,40.75838075048108,-73.86287711308411,NY Shared rooms
71957,40.78457,-73.95188,Shared Studio (NO PRIVACY) On The Upper East Side
60667,34.01969,-118.3138,AFFORDABLE Shared Housing-L.A. (FREE BREAKFAST)
91522,40.74794,-73.97915,Cozy sharing room at the Center of city
197502,26.0113,-80.15186,Enjoy my Beautiful Condo & Pool for a week!  =))
183966,47.60014,-122.32646,Shared Space Main Temple Hondo 4th
198024,26.01952,-80.22098,AD1)Shared room in a luxury hostel
57546,34.0933,-118.36847,Hollywood Royalty Room
210320,26.21391,-80.16484,Oops
203877,25.9803815,-80.1908411,Joyous Shared Room with Comfy Bed and Closet Space
180229,45.52502,-122.69015,Stay in a Dorm Bed (Male) @ NW Portland Hostel
229622,37.68933,-122.46366,Female Shared room # 2
14535,37.80425,-122.29686,Annex A Room 1 Bed 3
114104,37.386936195438345,-122.01403535511425,(B2)Silicon Valley Youth Hostel
73673,40.74557,-73.99749,Stay in the heart of Chelsea!
44947,34.04796,-118.46009,Spot with amazing view in West LA / Santa Monica
55609,34.01312,-118.23828,#C10 Downtown LA Shared Room Bottom Bunk
88906,40.75617,-73.97818,H√≥spede bem 1 quadra da san patric church
129925,32.7452,-117.25033,Ocean Beach - Bed in 6-Bed Mixed Room
101271,40.71571,-73.95474,A Luxurious Guest House with a Private Rooftop
14545,37.80433,-122.2947,Annex A Room 1 Bed 2
210585,26.1814796,-80.12687269999999,Mid Century Charmer Private Bedroom
47660,34.04447,-118.32884,MY STAY LA 203D Women's Dormitory room
226812,42.3502,-71.06754,FOUND Boston Common - Bed in a Shared Quad Room
79288,40.72516,-73.80289,SJUÂ§ßÂ≠¶
158668,41.90825,-87.72258,Comfortable and Spacious
116914,37.29905,-121.97117,Long-term Stay: Clean + Vaccinated + Food Provided
72012,40.59997,-73.9563,shared space with Great location!!
52306,34.0098,-118.31477,Hostel
198737,26.05157,-80.14795,DA2)Elite hostel/lady only /Shared room/airport
132541,32.712955,-117.160423,Dorm bed in center of Gaslamp District hostel
77706,40.76967,-73.92409,Cozy comfortable Apartment Share with Sleeper Sofa
143976,36.22031,-86.70389,Wyndham Nashville Resort (2 Bedroom 2 Bath LO)
51134,34.0394328802078,-118.29912589368035,"Bunk beds Ktown, Central La, Downtown"
167142,30.31811,-97.72895,"N.Lamar: Economic Spot, Awesome Community"
229820,37.64279,-122.46932,TWO PERSON Couch By Breuners #2
24967,34.05761,-118.25199,Views and Vibes Only
194794,26.05154,-80.14793,Da1)Shared room in a luxury hostel (only lady)
204943,26.09007,-80.19189,Bed in Sharedroom
166976,30.31839,-97.72933,N.Lamar: Economic spot Great Community
184673,47.66969,-122.3615,Harry Potter ‡§∏‡•ç‡§µ‡§æ‡§ó‡§§ (COR) Room Close to Amazon
211982,36.25752,-115.19929,Nice Living-room/2 Full sz bds/shrd bth/Nellis/Edc
222803,36.13552,-115.11173,Las Vegas. Simple bed. Discount
156207,41.89171,-87.66237,"Recent Price Drop, awesome area!"
113646,37.35934,-121.9799,HackerHome - Santa Clara: bunk 1
1941,37.76944,-122.44992,Red Victorian - Earth Bunk in shared Peacock Room
55938,34.06343,-118.45125,Spot inWestwood ByUCLACampus RonaldReagan Hospital
49567,34.04453,-118.3285,MY STAY LA 202B Women`s Dormitory room
47020,34.01663,-118.25576,Smart Value Deal by Downtown LA
95957,40.7248,-73.98303,Cozy nest one bed in the heart of the East Village
46564,34.044401981118746,-118.32672997643532,MystayLa 103B Men`s Dormitory
60634,33.95655822753906,-118.4163589477539,Mobile home is a great place to stay in LA
34929,33.97436,-118.28325,Shared room
6809,37.718783202767774,-122.39719841607672,Shared room 4 people
33561,33.74202,-118.31913,on vacation till March 2018 Dont rent yet
52103,34.01132,-118.23505,#5 USC/Expo Park Shared Room Top Bunk
86369,40.75683,-73.83027,Lucky journey Á∫ΩÁ∫¶Ê≥ïÊãâÁõõÂπ∏ËøêÊóÖÁ®ã
110671,37.29905,-121.97117,Long-term Stay: Clean + Vaccinated + Food Provided
36472,33.76923,-118.17993,"One street away from beach, Great neighborhood"
63620,34.02188,-118.31568,ANIME EXPO 2019 AFFORDABLE MANSION Hostel!
95762,40.80179,-73.96555,lovely shared room near central park
162530,41.73981,-87.56408,Spacious Shared Room near Jackson Park Hospital
168577,30.45007,-97.81102,"Relaxing Place, 20 mins from downtown."
178239,30.31805982062298,-97.7303158147529,Stargaze Camping on Penthouse Patio
94478,40.775,-73.92938,room In Astoria Queens
69497,40.8544,-73.93091,Very clean/comfortable shared room
167642,30.26196,-97.68716,Chill living room space #2
195360,26.01753,-80.21977,A3/2)Your luxury home while you wait yourapartment
13888,37.81532,-122.2487,"Budget ""E"" Near Lake 1 Night"
37883,34.04791,-118.36591,"Comfortable, relax, 1bedroom"
51464,34.1926,-118.59528,Room for Rent
36538,34.01057,-118.48421,Ocean Park Studio SofaBed
108995,40.76812979050936,-73.78799074442807,Great Value Shared Room Bed #1 with big window
201819,26.01072,-80.15437,Small space for short stay travelers!
91241,40.65941,-73.96152,Sunny Apartment With Brooklyn's Largest Backyard!
44160,34.0594,-118.30024,Fully Furnished Master Bedroom Sublet
115590,37.39578,-121.96188,Engineer's Paradise 6 (Mixed Gender Shared room)
100598,40.68908,-73.91709,Low-Priced Female Shared Room ONE TIME OFFER
36806,34.0670854967684,-118.1345914867006,apartment near times square
106184,40.74043673386471,-73.86474079046617,1 Cama a 30 minutos Times Square
26242,33.93815,-118.23375,Creative Co-Living Room 4 Bed 2
93273,40.78578,-73.97203,"UWS Apartment, 1 block from Central Park"
82641,40.70852,-73.96694,Sunny Shared Vintage Loft
203925,26.05079,-80.14982,"Db2) Shared room airport, beach nearby"
99919,40.77923,-73.94811,Lovely shared room in Manhattan
167700,30.30138,-97.73702,Comfortable Sofa Bed North of Campus
81703,40.70566,-73.91866,Surya Sound Temple
104764,40.721327,-73.80742049999999,Departamento en New York
165636,30.26735,-97.73984,CO|HAB -Co-living for the Wild Ones
24319,33.96161,-118.29216,Sheared Space BunkBed #3
135204,32.72389,-117.16594,1 Bed in a 6 Bed Dorm at Fun International Hostel
8755,38.87859,-76.98744,Awaken the Dawn Bunks&Breakfast (Capitol Hill) 2-6
129636,32.80006,-117.23683,Perfect for students & interns! Heart of PB!
212708,36.10952,-115.27702,(SG) Private room with Queen bed
89134,40.73875,-73.8642,‚ô°1 Bed in Cozy and Clean Shared Room for Ladies‚úî
79096,40.76648,-73.99167,Modern Luxury Condo (Midtown West)
374,37.78008,-122.40936,KelSoMa 1 Bed & Bath in SoMa
203918,26.05089,-80.14921,"Da)Cool Shared  room/only lady /Beach, food."
113725,37.3984370379462,-121.95205029984676,Shared bedroom beautiful #2
225593,42.34922,-71.13892,È¶®ÁªØÁöÑÂÆ∂
204397,25.99308,-80.19851,Enjoy Memory Foam Bed at this Fabulous Shared Room
54724,34.16932,-118.51684,$27! Reduced price Shared  Condo in Encino.
90226,40.70661,-73.90804,European Charm
21143,29.95813,-90.13038,30 Day  Custom Bunkbeds Discount
209765,26.05133,-80.14812,Df1)Shared room/ (hostel)
48175,34.01319,-118.23829,#D15 Downtown LA Shared Room Top Bunk
50660,33.97471,-118.283,Shared room
104290,40.62712,-74.16239,Team Meeting Room for 5
14544,37.8045,-122.29494,Annex B Room 1 Bed 3
14552,37.80513,-122.29448,Room 1 Bed 1 at FacesOasis
82050,40.77752,-73.95336,Central park cheap sofa bed
131759,32.75367,-117.18422,North Pole Space (1 of 5) Sleeping Spaces
159599,41.97996,-87.66755,Chicago uptown
25592,34.064,-118.34858,Wilshire La Brea Apt
57109,34.018,-118.31393,AFFORDABLE Shared Housing - ARTISTS Welcome!
225915,42.27549,-71.16821,Convenient Transportation Suburb Boston Room
9678,38.95766,-77.01094,Southwestern modern Twin in Bohemian community
218803,36.22526,-115.09706,Squat & Smoke Vegas
28623,34.14681,-118.10417,Cozy Apartment
134351,32.71226,-117.1594,Dorm Bed in center of Gaslamp Quarter
157060,42.00595,-87.66849,Cute Rogers park rental -Special price
39129,34.20042,-118.38044,My get away oasis
220105,36.15734,-115.14838,Single bed in 6 Bed Female Dormitory
48174,34.02452,-118.25097,Downtown Los Angeles
157414,41.94587,-87.65463,Wrigley Hostel - 4 Bed Female Dorm
95167,40.8138,-73.95259,Creative Space  Music House NYC (Futon )
61368,34.04545,-118.25743,One Bed in Shared Room - ADA Co-Ed Quad Room w/Tub
68751,40.67698,-73.94684,Common Area + Room in Spacious Loft-Like Apt.
44675,34.03025,-118.28618,ROOM NEAR USC
2896,37.76942,-122.44991,"Red Victorian - Dawn Top Bunk, Hole in the Wall"
42585,34.19522,-118.64018,"Private Villa, West Hills"
69547,40.74773,-74.00144,1st Time/Solo/Duo Travelers!Charming Studio Share!
166983,30.19286,-97.77975,SXSW
115122,37.39578,-121.96188,Engineer's Paradise 11 (Mixed Gender Shared Room)
231728,37.57688,-122.34913,Shared Room Comfy Couch | Dtown Burlingame | SFO
5346,37.78464,-122.41088,1 Single Bed In a Shared Dormitory w/Private Bath
232116,37.704559013243504,-122.45191787044932,Humble Space Shared Bunk Room
162668,41.73945,-87.5656,Spacious Shared Room in Quiet Neighborhood
118254,35.6328,-82.57993,Tepee in the Living Room
8461,38.92024,-77.04684,Apt near Dupont Cirlce
39676,33.75528,-118.13644,King/single Daybed Surfing!
162761,41.73958,-87.56497,Spacious Shared Room 20 Minutes to BP Whiting
14591,37.80977,-122.29646,P2 Room 1 Bed 1
229812,37.64417,-122.46925,ONE PERSON Couch by Breuners #1
102935,40.72134,-73.98543,Bedroom with 1 single bed in a Shared Apartment
170667,30.28631,-97.68068,‚ô† The Wanderlust Lodge ‚ô• Boutique Hipstel Hostel ‚ô†
129708,32.79692,-117.25049,Beach Pad 4 Students & Interns-Shared Bedroom
48169,34.0133,-118.23877,#C11 Downtown LA Shared Room Top Bunk
49329,34.10051,-118.31147,Bright and sunny huge den area / semi private room
84970,40.75502,-73.81974,Evergreen shared room bed 1 /female guest
8656,38.87729,-76.98831,Capitol Hill #10 (Female dorm room)
157599,41.72859,-87.57654,C. MANSION SHARED COED ROOM (NOT PRIVATE) LOW BUNK
8104,38.92742,-77.02941,201B Cozy Shared Room in CoHi DC! (Male Only)
32163,34.00477,-117.97078,Surf a Sofa in Hacienda Heights! Student/Traveller
196452,26.01758,-80.2208,–ê3.2Shared room/quiet hostel
84875,40.68045,-73.94853,PRIME BEDSTUY IN THE SUMMER TIME!! BOOK WITH US!!!
51593,34.09219,-118.31059,CO ED female friendly Hollywood hostel
37568,34.05393,-118.2793,$20 DTLA Shared Living / Great Amenities
44777,34.06644,-118.29236,Amazing Views from Artist's Flat
158027,41.77595,-87.65479,Couch Surf /Flex Check-in/ Hold Luggage /Shuttle
198954,26.17346,-80.1474,Single bed in Fort Lauderdale/Oakland Park A
51525,34.04846,-118.318,LA Human Story (Ìú¥Î®º Ïä§ÌÜ†Î¶¨) ÎÇ®ÏûêÎ∞© DORMITORY-10
10159,38.89934,-77.00092,Double Bedroom (Capitol Hill) 1
29961,34.15119,-118.43764,Charming Sherman Oaks Apartment
96233,40.69042,-73.90974,Shared Male Twin-size Bed Rental|Coliving Brooklyn
159648,41.72829,-87.57865,X2. MANSION SHARED COED ROOM (NOT PRIVATE)
167211,30.32027,-97.7295,N.Lamar: Economic Spot Great Community
61525,34.4347,-118.54174,Big comfy couch #3 Santa Clarita
132838,32.79144,-117.25435,Ocean Front Surf Hostel - Bed in 4 Bed Mixed Room
50627,34.04656,-118.31408,GRAMERCY PLACE! Dorms available.
104823,40.80998836305985,-73.93170123949453,Mott Haven Dorms 9
